Substation ID,Name,Short Name,Region,Country,Latitude,Longitude,Voltage (kV),Capacity (MVA),Commissioning Year,Type,Status,DBSCAN Cluster,KMeans Cluster
4,Legon Substation,Legon,Greater Accra,Ghana,5.6401,-0.1799,161,241.9,2009,Transmission,Active,0,2
7,Kumasi Central Substation,Kumasi Central,Ashanti,Ghana,6.6856,-1.623,161,221.4,2018,Transmission,Active,1,0
8,Ejisu Substation,Ejisu,Ashanti,Ghana,6.7128,-1.4716,330,355.9,2007,Transmission,Active,1,0
11,Konongo Substation,Konongo,Ashanti,Ghana,6.6094,-1.2163,69,285.2,1999,Bulk Supply Point,Active,1,0
22,Nkawkaw Substation,Nkawkaw,Eastern,Ghana,6.5502,-0.7749,69,389.2,2005,Bulk Supply Point,Active,-1,0
23,Suhum Substation,Suhum,Eastern,Ghana,6.035,-0.4535,69,339.0,1975,Bulk Supply Point,Active,-1,2
24,Ho Substation,Ho,Volta,Ghana,6.6194,0.473,330,382.1,1996,Transmission,Active,-1,3
34,Bolgatanga Substation,Bolgatanga,Upper East,Ghana,10.7789,-0.8524,161,325.9,1992,Transmission,Active,-1,1
35,Bawku Substation,Bawku,Upper East,Ghana,11.0615,-0.2333,161,194.8,1971,Transmission,Active,-1,1
